"","trarNo","mainTrarNm","ctprvnCd","ctprvnNm","signguCd","signguNm","trarArea","coordNum","coords","stdrDt"
"1","10186","가오동","30","대전광역시","30110","동구","123254","52","MULTIPOLYGON (((127.454551087205 36.306275123415, 127.454905409844 36.3059358399351, 127.454693061524 36.305796963371, 127.454349333439 36.3055617081019, 127.454159267356 36.3054249990883, 127.453558533849 36.3050285032906, 127.453414382701 36.3051304303883, 127.453229977035 36.305009469014, 127.453686751311 36.3045774315624, 127.454090858118 36.304183891657, 127.454785568954 36.3035053790207, 127.455372371526 36.3029399188033, 127.455776500647 36.3025531318667, 127.456279470018 36.302891412412, 127.45680211036 36.3032611569596, 127.456913941175 36.3033463424376, 127.456908557933 36.303377904023, 127.456747936848 36.3035181977686, 127.45657920082 36.3036990750022, 127.456419376801 36.3039767942319, 127.456323019386 36.3041596485475, 127.456312448579 36.3042565649193, 127.456297213805 36.3045089514557, 127.456281874273 36.3047433149103, 127.456224417576 36.3049147564479, 127.456125092075 36.3050660808041, 127.456017298325 36.3051971608757, 127.455912065369 36.3052899312463, 127.456065936851 36.3054245221846, 127.456848511903 36.3059757651006, 127.457189426487 36.3062042650642, 127.457812835745 36.3061883691884, 127.457966764781 36.3063319691547, 127.458098059051 36.3064125732674, 127.458925325099 36.3069861610147, 127.458180582892 36.307676153125, 127.457493052073 36.3071989033959, 127.457227242494 36.3074409809197, 127.457135886049 36.3075269406329, 127.456663618997 36.3072088235452, 127.456458933829 36.3069527684892, 127.456301153557 36.307104315428, 127.456099294992 36.3073348824473, 127.455935946307 36.3074864500775, 127.455537372829 36.3078754691454, 127.455464962932 36.3078689853823, 127.455325370655 36.3077974216326, 127.454844719681 36.3074725703886, 127.454084736701 36.3069775522774, 127.453967375852 36.3068991439438, 127.453978184213 36.3068427797054, 127.454551087205 36.306275123415)))","2021-06-30"
"2","10187","대전복합터미널","30","대전광역시","30110","동구","170384","39","MULTIPOLYGON (((127.435788388962 36.3530749591864, 127.435780033649 36.3530749895592, 127.435729113352 36.3529332408588, 127.435685309731 36.3525684274425, 127.435642394863 36.3523635679059, 127.435601364549 36.3519964914263, 127.435569990764 36.3518636832751, 127.435579479743 36.3515662636476, 127.435636514524 36.3513047179279, 127.435702154285 36.351088199258, 127.435800625771 36.3507656740482, 127.43587494514 36.3506076995879, 127.435749306538 36.3505518333645, 127.435457113883 36.3500932997145, 127.435193436868 36.3497540664799, 127.435064402942 36.3495878188347, 127.435033268441 36.3494978150704, 127.435408274307 36.3488205780543, 127.435611951165 36.3488874257266, 127.436583058879 36.3492330956214, 127.437604430413 36.3496011032968, 127.438910397554 36.3500604302138, 127.439719688018 36.3503503438459, 127.440838792232 36.3507585177096, 127.440576999008 36.351255122007, 127.440457976069 36.3513862285951, 127.440005934912 36.3517303320828, 127.439501289059 36.3521309496576, 127.43883594761 36.3526830989028, 127.438356418498 36.353094884255, 127.438680926951 36.3533505297258, 127.43878166993 36.353435771866, 127.438793100264 36.3534875471155, 127.438061251313 36.354103017065, 127.437883907876 36.3542658749903, 127.437595459269 36.3544832082742, 127.437438937802 36.3543846512005, 127.436482128646 36.3536176412436, 127.435788388962 36.3530749591864)))","2021-06-30"
"3","10188","대전역","30","대전광역시","30110","동구","98539","43","MULTIPOLYGON (((127.428944745746 36.3331139732715, 127.429270852966 36.3326644741342, 127.429699139402 36.3320614090316, 127.429581851153 36.3319987473446, 127.429238426806 36.331826501854, 127.429440267168 36.3315666927119, 127.42975014018 36.3312051144324, 127.429788800105 36.3311463997997, 127.429649226243 36.3310815651113, 127.429001835023 36.3308225434887, 127.428995983252 36.3307707471196, 127.429401014295 36.3304989462929, 127.429680958923 36.3302658921116, 127.429725347334 36.3302364450084, 127.429951306946 36.3303144874795, 127.43053724464 36.3305376778208, 127.430922307117 36.3306872407408, 127.431424547495 36.3308791864817, 127.431837444145 36.3310263933632, 127.432328539196 36.3312161224916, 127.432356580991 36.3312520681998, 127.432376356678 36.3313038141876, 127.432373882546 36.3313601462525, 127.432264022625 36.3316353992656, 127.432090779037 36.3320302856351, 127.431964173812 36.3322988399108, 127.431760707987 36.3327681811699, 127.431554529659 36.3332510493664, 127.431097886686 36.3342665081704, 127.430581320032 36.3340047720029, 127.430498306123 36.3340996929113, 127.430230117834 36.3344476058773, 127.429726814747 36.3350824824793, 127.429698982417 36.3350848351449, 127.429101074558 36.3347152436883, 127.428665186586 36.3344396929618, 127.428634336274 36.3343992505943, 127.429016052904 36.3339337829584, 127.429228938491 36.3336559113266, 127.429436401651 36.3334050938294, 127.429252051818 36.3332998664038, 127.428950474572 36.3331432408086, 127.428944745746 36.3331139732715)))","2021-06-30"
"4","10189","대전중앙시장","30","대전광역시","30110","동구","119910","21","MULTIPOLYGON (((127.429874502656 36.3300173765459, 127.430792185497 36.3287929970937, 127.431561300949 36.3278980725604, 127.432324507991 36.3269445881876, 127.432683893368 36.3264791889449, 127.433060202998 36.3260542801799, 127.433501067862 36.3262284156283, 127.434739899633 36.3267060573045, 127.434868295703 36.3267641678609, 127.434918610399 36.3268000322225, 127.434935490132 36.3268315119817, 127.434930296176 36.3268991186361, 127.434340166086 36.3279285922972, 127.434114053219 36.3283259261975, 127.433766526908 36.3289219564403, 127.433253530686 36.329806958161, 127.432591560623 36.3309448228128, 127.4324915734 36.3309902419987, 127.432402425538 36.3309815517939, 127.431353392302 36.330597826704, 127.429874502656 36.3300173765459)))","2021-06-30"
"5","10177","관평동","30","대전광역시","30200","유성구","251956","13","MULTIPOLYGON (((127.387950182504 36.4217006646892, 127.389229290828 36.4233005784161, 127.394281359461 36.4212474455466, 127.394707430372 36.4217146450908, 127.395004250286 36.4230834270343, 127.393937252407 36.4237718193653, 127.393517155622 36.4244941258046, 127.39383318367 36.4252500599087, 127.388492258682 36.4275744572055, 127.387300517835 36.4256137914952, 127.389258762697 36.4247423352064, 127.387215690485 36.4219914107735, 127.387950182504 36.4217006646892)))","2021-06-30"
"6","10178","구즉동","30","대전광역시","30200","유성구","30522","41","MULTIPOLYGON (((127.386830735407 36.4337820446042, 127.38668040596 36.4338275876346, 127.385878671841 36.4340757372744, 127.386005399508 36.4343321586783, 127.386609627238 36.4347379839443, 127.386752262564 36.4348276392821, 127.387015922769 36.4345834757919, 127.387110726968 36.4345854224422, 127.387600351167 36.4349307847993, 127.387597775184 36.4349735980529, 127.387517278966 36.4350459509075, 127.3870316442 36.4355071101543, 127.386870727447 36.4356675850266, 127.386823397094 36.4356812551733, 127.386770390347 36.4356746676105, 127.386692057141 36.4356208510615, 127.386322730575 36.4353584541834, 127.386196823095 36.4352687444288, 127.385863823064 36.4355874747918, 127.38580806172 36.4355876543431, 127.385542318276 36.4354105313258, 127.385259825523 36.4352289557799, 127.385206586276 36.4351750575645, 127.385013512192 36.4350337459698, 127.384932182195 36.4349371329592, 127.384845165504 36.4348180092465, 127.384724094445 36.4345773386989, 127.384743444489 36.4345434832069, 127.384985615129 36.4344638542143, 127.385497846229 36.4343067579255, 127.385617520187 36.4342635679313, 127.385470911558 36.4339328646585, 127.385504178954 36.4338944584873, 127.385980227927 36.4337509938719, 127.386820901175 36.4334846947213, 127.387733955684 36.4331978794435, 127.387759036349 36.4331955453934, 127.387817650952 36.4332088730482, 127.38792465538 36.43342255134, 127.387899764522 36.4334631839597, 127.386830735407 36.4337820446042)))","2021-06-30"
"7","10179","노은2동_1","30","대전광역시","30200","유성구","102324","9","MULTIPOLYGON (((127.313041232953 36.3937673488219, 127.31126749214 36.3934024859539, 127.312291828687 36.3903178402938, 127.313719727614 36.3906205114919, 127.314672564983 36.3891941754503, 127.316053908381 36.3890103117137, 127.316044324083 36.3893978379931, 127.315125707632 36.3910133396455, 127.313041232953 36.3937673488219)))","2021-06-30"
"8","10180","노은2동_2","30","대전광역시","30200","유성구","99406","39","MULTIPOLYGON (((127.320551832689 36.3755169336046, 127.320558315726 36.3757399551478, 127.320555732254 36.37578952624, 127.320519606914 36.3758121519195, 127.319956862953 36.37581815961, 127.319240882315 36.37582231951, 127.318494274374 36.37583106225, 127.318212874816 36.375827302976, 127.318148688282 36.3758004381574, 127.318103912123 36.3757509926707, 127.318093929253 36.3746628596809, 127.318096030854 36.3738067450841, 127.318094158821 36.3733449017053, 127.318093684682 36.3725406108878, 127.318090287045 36.3723896743106, 127.318129096893 36.3723422601269, 127.318181918035 36.3723150850533, 127.318438186781 36.372307646526, 127.319424323854 36.3722937610094, 127.320134718865 36.3722941208214, 127.320533138082 36.3723043218342, 127.320535585781 36.3729035917346, 127.320538677715 36.3736605641541, 127.320545951949 36.3740773346385, 127.320682488187 36.3740837285819, 127.321108775495 36.3740938531707, 127.322432165988 36.3741128335716, 127.322435951662 36.3743561385648, 127.322431166723 36.3745476494628, 127.322431518499 36.3746332594041, 127.32244871536 36.3747503649301, 127.322454592701 36.3748246954297, 127.322474362614 36.3748899769207, 127.322028634112 36.3748956798198, 127.321159455012 36.3749047680866, 127.321152850482 36.3746524589382, 127.320757288015 36.3746625286509, 127.320545540371 36.3746585886535, 127.320551832689 36.3755169336046)))","2021-06-30"
"9","10181","온천1동_1","30","대전광역시","30200","유성구","50496","5","MULTIPOLYGON (((127.34044519438 36.3540368593208, 127.335292598795 36.3553490522404, 127.334915823654 36.3545165223232, 127.340023379382 36.3531053445285, 127.34044519438 36.3540368593208)))","2021-06-30"
"10","10182","온천1동_2","30","대전광역시","30200","유성구","155584","7","MULTIPOLYGON (((127.342548253401 36.3560044353029, 127.339864978805 36.3564040745272, 127.339210778497 36.3545495162886, 127.344240273523 36.3531383790795, 127.345782703472 36.3568062097252, 127.343099280657 36.3571743810585, 127.342548253401 36.3560044353029)))","2021-06-30"
"11","10184","궁동","30","대전광역시","30200","유성구","182351","64","MULTIPOLYGON (((127.347548941697 36.3631768750655, 127.347526577932 36.3631589164868, 127.347504194224 36.3631364521203, 127.347470548862 36.3630869853199, 127.347431172982 36.3630014883744, 127.347405654799 36.3629001808407, 127.347416158435 36.3627559634945, 127.347470252076 36.3623908336531, 127.347518834177 36.3620392372582, 127.347532372361 36.361951334119, 127.34758930026 36.3615974605731, 127.347616406231 36.3614284129419, 127.347994605563 36.3612876353779, 127.348584195348 36.3610786549422, 127.348787290625 36.3610239945388, 127.348940248149 36.3609694796316, 127.349560653074 36.3608009573308, 127.350186756789 36.3606617031537, 127.350261862136 36.360638954682, 127.35098549249 36.3605084232242, 127.351539493979 36.3604414663758, 127.352037948337 36.3604107167183, 127.352556122689 36.3604294712986, 127.353219452147 36.3605176368824, 127.353476033421 36.3605889746064, 127.353537890716 36.3607172088298, 127.353569200067 36.3608658093465, 127.353447534935 36.361064424924, 127.353284463082 36.3613465203951, 127.353149051804 36.3615857287126, 127.353138204061 36.3616510953497, 127.353099816141 36.3617863835947, 127.35309991751 36.3618089125037, 127.353072894237 36.3619937315401, 127.353033230719 36.3624647086747, 127.352995825247 36.3628185272577, 127.35295841945 36.3631723458099, 127.352869567851 36.3638552419999, 127.3528450655 36.363981477591, 127.352758075941 36.3644593524383, 127.352722694361 36.3646441958967, 127.352615111013 36.3648788158288, 127.352385083729 36.3651408304408, 127.352152420997 36.3654366461307, 127.351969472575 36.3656376928875, 127.351795483809 36.365352082492, 127.351765739465 36.3649308737558, 127.351658222455 36.3645594572306, 127.351548556815 36.3643299808354, 127.35147010778 36.3642288293108, 127.351263212092 36.3640582133913, 127.351031872484 36.3640273496818, 127.350719611945 36.3639651812494, 127.350574664198 36.363943075728, 127.350234629608 36.3638990105496, 127.350017318939 36.3638906331158, 127.349618397564 36.3637588740923, 127.349205499851 36.3636158898134, 127.348907059723 36.3635288942767, 127.348756522246 36.3635022969607, 127.34858088531 36.3634690136269, 127.348576828906 36.3631829045103, 127.347607506923 36.3631924758306, 127.347548941697 36.3631768750655)))","2021-06-30"
"12","10185","신성동","30","대전광역시","30200","유성구","280424","11","MULTIPOLYGON (((127.353710878096 36.3953755368405, 127.353255737351 36.3957914135435, 127.348020511771 36.3916163099723, 127.347483267635 36.3885989677153, 127.348520619261 36.3862709531289, 127.349737945595 36.3868261316095, 127.35297678954 36.3883035642211, 127.351088374059 36.3922111478082, 127.353763479036 36.3946814859546, 127.353409026987 36.3951781708931, 127.353710878096 36.3953755368405)))","2021-06-30"
"13","10190","대흥동","30","대전광역시","30140","중구","217095","24","MULTIPOLYGON (((127.422079698854 36.3261249705987, 127.422249178624 36.3255408654702, 127.422517562591 36.3247108423811, 127.422763692642 36.3238854028991, 127.42296604947 36.3232043046951, 127.423102897122 36.3227667536287, 127.423309231094 36.3228246017079, 127.424196256968 36.32313687773, 127.424714905299 36.3232859884119, 127.425752452108 36.3236292606914, 127.426672856587 36.3239323880171, 127.427526278476 36.3242042060202, 127.427994937075 36.3243737569593, 127.428079515835 36.32456720695, 127.427412043629 36.3257230870708, 127.426932234368 36.3265764030118, 127.426479840628 36.3273530198994, 127.425961203338 36.3282380108358, 127.425850836316 36.328423142858, 127.425678482718 36.328473319176, 127.425109279506 36.328250045527, 127.422051713709 36.3271343810249, 127.421871153474 36.3266934423663, 127.422079698854 36.3261249705987)))","2021-06-30"
"14","10191","산성시장","30","대전광역시","30140","중구","146895","30","MULTIPOLYGON (((127.378014475993 36.2868432354962, 127.378095013886 36.2868091876174, 127.379498158046 36.2880889390007, 127.379738578365 36.2883157261723, 127.380243232275 36.2890891419316, 127.380726069368 36.2899527424698, 127.380821538006 36.2901281693461, 127.380500118295 36.2904175658068, 127.379856858321 36.2909107455215, 127.379094499704 36.2915237040969, 127.378667456966 36.2918427174582, 127.378362373218 36.2920599623476, 127.37718938375 36.2911985234301, 127.376424210322 36.2906467010263, 127.376222246447 36.2903138982797, 127.376115203872 36.2900438802469, 127.376086944193 36.2899538509584, 127.376091217415 36.2896834840392, 127.376117214917 36.2893004017216, 127.376194251457 36.2891154186972, 127.376233297563 36.289133319881, 127.376277499894 36.289065592927, 127.376249563653 36.2890431510388, 127.376226956078 36.2889711276211, 127.376481101782 36.2885783180447, 127.376912373787 36.2879821866236, 127.377172229691 36.2876208988559, 127.377537569525 36.2872052080364, 127.377848029221 36.2869519010455, 127.378014475993 36.2868432354962)))","2021-06-30"
"15","10192","선화동_1","30","대전광역시","30140","중구","136748","37","MULTIPOLYGON (((127.419422046455 36.3310524361176, 127.420004031765 36.3300208115742, 127.420288051999 36.3295038961624, 127.420864554747 36.3284925627959, 127.421098822471 36.328045660715, 127.421462977707 36.3274180675017, 127.42185771632 36.3273017802776, 127.422256655377 36.3274490695559, 127.422859279463 36.3276767448814, 127.423350295574 36.3278597526341, 127.42387198901 36.3280516616431, 127.424379763862 36.3282436176162, 127.424722893751 36.3283663138892, 127.425046571663 36.3284958368997, 127.425345070453 36.3286029190626, 127.425529269657 36.328683370981, 127.42554347169 36.3287351379148, 127.425452153254 36.3288390965807, 127.424928174236 36.329255492994, 127.424362717744 36.3297261041301, 127.424038332164 36.3299818323378, 127.423799904981 36.3301719210355, 127.423251007351 36.3306176861659, 127.423090209389 36.3307466704061, 127.422671560785 36.3310793269237, 127.422601855614 36.3310615491702, 127.422339377618 36.33092279239, 127.422083668219 36.3310070509605, 127.421661176925 36.3311437128406, 127.421238659969 36.3312758674651, 127.420882893238 36.3313942687881, 127.420782729508 36.3314081378425, 127.420563020174 36.331456220013, 127.420228320506 36.331349252829, 127.419804342395 36.3312088033593, 127.419436088441 36.3310749162766, 127.419422046455 36.3310524361176)))","2021-06-30"
"16","10193","선화동_2","30","대전광역시","30140","중구","42034","29","MULTIPOLYGON (((127.426606079385 36.3290647957452, 127.427052478915 36.3292321764146, 127.428369316338 36.3297163648223, 127.428489261512 36.3297564889762, 127.42852885622 36.3298689938234, 127.428262536052 36.3300479264333, 127.427813212376 36.3303671929089, 127.427729597485 36.330351720695, 127.427617734717 36.3302620025789, 127.427511710674 36.3302218279263, 127.426919280779 36.330338837747, 127.426618858102 36.3303917242101, 127.426407275736 36.3303969825944, 127.42572789411 36.3303971434796, 127.425524603506 36.330391106231, 127.425492657032 36.330661570786, 127.425442637108 36.3306797716669, 127.425008138212 36.3306542772447, 127.424865443468 36.3305263660622, 127.424680923741 36.3303873381955, 127.424322962539 36.3300979777589, 127.424317296554 36.3300799743915, 127.424583406646 36.3298604986039, 127.425234943158 36.3293467756156, 127.425570385935 36.3290774873512, 127.425842033158 36.3288534832412, 127.425905948609 36.3288307269873, 127.42596999847 36.3288327524216, 127.426606079385 36.3290647957452)))","2021-06-30"
"17","10194","오류동먹자골목","30","대전광역시","30140","중구","65413","26","MULTIPOLYGON (((127.407486917607 36.3211468964193, 127.408992494514 36.3215698292622, 127.409929315198 36.321834730086, 127.411008362498 36.322144194883, 127.411861546142 36.3223845848226, 127.411992785092 36.3224584808224, 127.412037660388 36.322521408736, 127.412046461584 36.3226069898725, 127.4120217126 36.3226656510922, 127.411655779149 36.322964294427, 127.411068073798 36.3234461842741, 127.41044158429 36.3239665037563, 127.410175442341 36.3241836955104, 127.410161333668 36.3241476968717, 127.410138256881 36.3234606319741, 127.410119517387 36.3230709390351, 127.409667785149 36.3229350539817, 127.409263500476 36.322821534638, 127.408061801229 36.3224831833515, 127.407164001887 36.3222271471978, 127.406405595265 36.3220066789771, 127.406243878038 36.321959915225, 127.406553914491 36.3216164191972, 127.406633845629 36.3214606959698, 127.40684282675 36.32095758355, 127.407486917607 36.3211468964193)))","2021-06-30"
"18","10195","은행동","30","대전광역시","30140","중구","147893","27","MULTIPOLYGON (((127.426223409572 36.3283271962944, 127.426819328394 36.3273180181854, 127.427354532294 36.3264104351226, 127.428077153068 36.3251552297397, 127.428347292576 36.3246586208784, 127.42861412309 36.3245765620839, 127.429428531915 36.3248394941471, 127.430756211242 36.3252808123349, 127.431207832034 36.3253873298161, 127.431252724409 36.3254502503712, 127.430716534277 36.3261686084818, 127.43086168087 36.326235674907, 127.431296849891 36.3263873096802, 127.431347286484 36.3264457043917, 127.43079943461 36.3270694817663, 127.430285058543 36.3277066540446, 127.429953446119 36.3281629347588, 127.429676947434 36.3285153824221, 127.429107335577 36.329238358659, 127.428869538368 36.3295411015329, 127.428725002402 36.3295866768937, 127.428351123427 36.3294438256704, 127.427229617226 36.3290377937422, 127.426398282823 36.3287411132655, 127.426124889139 36.3286429562459, 127.426091062599 36.3285664769097, 127.426223409572 36.3283271962944)))","2021-06-30"
"19","10196","태평동","30","대전광역시","30140","중구","112183","22","MULTIPOLYGON (((127.394499269687 36.3161257166996, 127.396377894702 36.3165836289343, 127.396411550601 36.3166330822852, 127.39604340157 36.3176030599157, 127.39584564267 36.3181354050221, 127.395477797258 36.319168461844, 127.395197713996 36.3199398880525, 127.395071261533 36.3202602210676, 127.395026854254 36.3202874025008, 127.393934121586 36.3200071261487, 127.394098875279 36.319551492488, 127.393324018895 36.319369294894, 127.392738652395 36.3192225190191, 127.393156012774 36.3180631439667, 127.392609653045 36.3179207454309, 127.392922822935 36.3170816285813, 127.392722138813 36.3170327211258, 127.392454485351 36.3169524913398, 127.392718017571 36.3162081605257, 127.392843932649 36.3157796906563, 127.392916131005 36.3157434072648, 127.394499269687 36.3161257166996)))","2021-06-30"
"20","10162","동춘당공원","30","대전광역시","30230","대덕구","73797","41","MULTIPOLYGON (((127.439529975818 36.3647043627284, 127.440259492862 36.3641542276282, 127.440306846323 36.3641540536875, 127.440679191527 36.3644861163866, 127.440349082418 36.3647306441531, 127.439564165676 36.3653373057493, 127.439757201936 36.3654852898883, 127.440039882324 36.3657230611222, 127.440043021929 36.3657861311355, 127.439369022992 36.3663045205507, 127.438733862128 36.3667957290488, 127.438450890828 36.3670040323854, 127.437668697036 36.3676061656324, 127.437562855984 36.3676088049752, 127.437299776015 36.3673889797384, 127.437263211204 36.3673260316059, 127.43777362518 36.3669411734707, 127.43827301773 36.3665788825663, 127.438023766469 36.3663409850192, 127.437858587045 36.3661928963383, 127.43756752969 36.3659506447027, 127.437279573819 36.3657647038377, 127.436969699042 36.3656441766388, 127.436417444925 36.3655177726271, 127.436366928908 36.3654503691652, 127.436541779429 36.3648346873305, 127.436700240473 36.3642776406354, 127.436753052095 36.3642571720006, 127.437082080486 36.3643168013172, 127.437452942248 36.364385288711, 127.437795974714 36.3644583824243, 127.437812159421 36.3643637009704, 127.437896736031 36.3640457312987, 127.437967686563 36.3637818812545, 127.437998175883 36.3637547348905, 127.438070724344 36.3637769988998, 127.438305057709 36.3638392238146, 127.438718494731 36.3640494851115, 127.438964551596 36.3642152998056, 127.439166016166 36.3643767715496, 127.439529975818 36.3647043627284)))","2021-06-30"
"21","10183","도안상권","30","대전광역시","30170","서구","185795","12","MULTIPOLYGON (((127.33999423214 36.3347936250663, 127.338167842286 36.3348528554961, 127.338179645451 36.3324196552335, 127.338178016471 36.3320411670892, 127.335928230731 36.332047485, 127.336053402748 36.3300645530929, 127.340931917455 36.3301409119925, 127.341867370314 36.3301202275953, 127.341697246716 36.331977128968, 127.340897377023 36.3324480136001, 127.340861036616 36.3343405799599, 127.33999423214 36.3347936250663)))","2021-06-30"
"22","10170","둔산2동_4","30","대전광역시","30170","서구","92498","37","MULTIPOLYGON (((127.379734662243 36.3537499552955, 127.37972735867 36.3533917638495, 127.379686710006 36.3530494483997, 127.37956197448 36.3525970058604, 127.379441005817 36.352347314247, 127.380141726541 36.352113044406, 127.380037925472 36.3519579217086, 127.379973410421 36.3518635033696, 127.379864007157 36.351701639493, 127.379740493691 36.3515015205012, 127.379770638871 36.3514000435382, 127.382076704657 36.3513994783296, 127.382689374677 36.351388513341, 127.382840229655 36.351482654647, 127.382838330177 36.3522351367314, 127.382841341535 36.3528524277366, 127.382842502068 36.3536612229201, 127.382839470669 36.3541816574501, 127.382745049852 36.3542382818462, 127.382137894932 36.3542424708401, 127.382081917404 36.3541863261489, 127.381811712755 36.3541781749624, 127.381544337133 36.3541790258507, 127.381530509899 36.3541993461308, 127.381104390808 36.3542029538356, 127.381105802209 36.3544935762139, 127.38110278115 36.3550185164689, 127.381094469336 36.3550275545647, 127.38106122206 36.3550637069424, 127.380710276618 36.3550625685434, 127.380493042365 36.3550655108342, 127.380453951335 36.3550453585526, 127.380436126214 36.3542411221691, 127.380146458097 36.3542397877177, 127.37978156871 36.3542341849327, 127.379736755328 36.3541825096296, 127.379734662243 36.3537499552955)))","2021-06-30"
"23","10171","시청역","30","대전광역시","30170","서구","201610","13","MULTIPOLYGON (((127.390008281721 36.3468343089686, 127.390057717686 36.3511777831958, 127.38914417552 36.3511717392156, 127.389142001541 36.3518566345108, 127.389988665065 36.3518538842953, 127.390050048742 36.351876213886, 127.390085358089 36.3533765446623, 127.390002184847 36.3534534144874, 127.387016609198 36.3534811096819, 127.386932677419 36.3534047811782, 127.386867270848 36.3469165752753, 127.386955943457 36.3468261722741, 127.390008281721 36.3468343089686)))","2021-06-30"
"24","10173","용문역_1","30","대전광역시","30170","서구","122428","24","MULTIPOLYGON (((127.387649595521 36.3395357196445, 127.388151543545 36.3391150520473, 127.389274602444 36.3381606774731, 127.389843083052 36.3376834636081, 127.390641766914 36.3370230104205, 127.390943970296 36.3367584333456, 127.391035725455 36.3367310991257, 127.391488595488 36.3370855843699, 127.392036515997 36.3375141038212, 127.392640359462 36.3379874961931, 127.392872438054 36.3381782350098, 127.392889416166 36.3382322496341, 127.392901073152 36.3383358460693, 127.392421579085 36.3387857481658, 127.391179236763 36.3398261524109, 127.389370807901 36.3412761622323, 127.389243158476 36.341366693579, 127.389142931466 36.3413715246482, 127.389067677461 36.3413582512241, 127.388508562618 36.340920743022, 127.387703434878 36.3402880230248, 127.387214296027 36.3399201231606, 127.387228041506 36.3398840319647, 127.387649595521 36.3395357196445)))","2021-06-30"
"25","10176","월평역","30","대전광역시","30170","서구","111463","47","MULTIPOLYGON (((127.365279103524 36.3560545297153, 127.365296664319 36.3562369629172, 127.36530095961 36.3565613705856, 127.365242647544 36.356599847825, 127.364512952759 36.3566110791334, 127.364510491882 36.3566809271884, 127.36451536994 36.3571314967125, 127.36451374439 36.3579808530552, 127.364613962984 36.3579692838575, 127.364984125393 36.3579073292313, 127.365382234595 36.3578655646253, 127.366495701872 36.3577224865732, 127.366579281734 36.3577267370144, 127.366621776848 36.3578798057809, 127.366446397665 36.3579006179873, 127.365307870496 36.3580460248262, 127.364328028525 36.3581751685057, 127.363657165347 36.3582628152443, 127.362738563592 36.3583850014574, 127.362262554889 36.3584472688373, 127.36219767108 36.3582694839823, 127.362178744598 36.3577896688513, 127.361889094425 36.3577950488837, 127.361540932188 36.3577960987382, 127.361362600502 36.3577808656384, 127.361128324507 36.3577139835072, 127.361105938485 36.3576915216814, 127.361073017057 36.3565899419679, 127.361059181333 36.3560042238339, 127.361063528827 36.3557383659069, 127.361105182815 36.3557112054561, 127.362213649817 36.3556965989449, 127.362218773176 36.3555997078122, 127.362219177412 36.3550837873394, 127.362279443145 36.3548650718536, 127.362306660703 36.3547275613676, 127.362366842715 36.3544908226964, 127.362428023047 36.3544703615641, 127.363411963153 36.3546341010387, 127.36379387805 36.354707289858, 127.363821865684 36.3547364929702, 127.363821242251 36.3552028498224, 127.363829172931 36.3557119862163, 127.364118721144 36.3556863255088, 127.365252306403 36.3556828791726, 127.365283101125 36.3557165792322, 127.365279103524 36.3560545297153)))","2021-06-30"
"26","10164","관저2동","30","대전광역시","30170","서구","99374","57","MULTIPOLYGON (((127.337748973906 36.3008797242567, 127.33767763373 36.3011187370633, 127.337675304969 36.3012246320122, 127.337568081056 36.3015335869395, 127.337197583025 36.3014602808868, 127.336465160535 36.301365459031, 127.335908356692 36.3013332239341, 127.335404560776 36.301330126459, 127.335318259373 36.3013258616211, 127.335248657757 36.301321550093, 127.335173335974 36.3012812073761, 127.335111959527 36.3012475845243, 127.335092380505 36.3012251097205, 127.335064125364 36.3011260590007, 127.335078886696 36.3006709229264, 127.335357185211 36.3006633871048, 127.335350994421 36.300516962968, 127.335356962473 36.2999582158946, 127.335360473767 36.2994760757772, 127.335582267328 36.299272690992, 127.335559626778 36.2991848893922, 127.335567274949 36.2990204029892, 127.337073032472 36.2990251970159, 127.338495312993 36.299034713343, 127.339255285881 36.2990686154777, 127.340363219887 36.2991150445213, 127.340378144688 36.2999913978473, 127.340362117312 36.3014333278594, 127.340197922162 36.3014382991233, 127.340156036284 36.301406876582, 127.340133608533 36.3000822086677, 127.340022268756 36.3000802710982, 127.339473909971 36.3000683051684, 127.339469830945 36.3004130172697, 127.339238917275 36.3004361993971, 127.339251468853 36.3007650938677, 127.339244576401 36.3011030550397, 127.339250764806 36.3012472260049, 127.339241662266 36.3017181171127, 127.339054879507 36.3016488034654, 127.338970477436 36.3014395179581, 127.338942566782 36.3014215731999, 127.338917390906 36.3013923559928, 127.338869550761 36.3012708320262, 127.338762650462 36.3010075391839, 127.338592734362 36.3009764772689, 127.338383794299 36.3009320074355, 127.337899048449 36.3008274842591, 127.337873902183 36.300805025579, 127.337964734041 36.3005682107244, 127.338061044742 36.3003111038616, 127.337871763728 36.3003071307778, 127.33776340039 36.3003502416288, 127.337474376137 36.3004524368854, 127.337018731425 36.3006429641111, 127.337069129566 36.3007126639257, 127.337748973906 36.3008797242567)))","2021-06-30"
"27","10166","대전문화예술의전당","30","대전광역시","30170","서구","136085","19","MULTIPOLYGON (((127.379798015001 36.369139443389, 127.379802543672 36.3666229213911, 127.379767717859 36.3651834176055, 127.379789642355 36.3651090018976, 127.37981179588 36.3650818967268, 127.379881314665 36.3650568944395, 127.38129637438 36.3650524035647, 127.382444021005 36.3650487490515, 127.382711433781 36.365047895931, 127.382750607362 36.3650838175823, 127.382768169774 36.3663994650567, 127.382812713344 36.3686770212728, 127.382806243929 36.3696345311047, 127.382438463868 36.3696221871269, 127.382076310213 36.3696210886676, 127.380722442656 36.3696231418234, 127.379861635327 36.3696213658718, 127.379802862598 36.3695652291369, 127.379798015001 36.369139443389)))","2021-06-30"
"28","10167","청사시외버스정류장","30","대전광역시","30170","서구","50021","24","MULTIPOLYGON (((127.379283533705 36.3612558605331, 127.379295593166 36.3620218147925, 127.379303124662 36.3624273163203, 127.379293976102 36.3628396293304, 127.379266230296 36.3628622462629, 127.378620011421 36.3628665410905, 127.377934817519 36.3628754610897, 127.377377711896 36.3628749625019, 127.3767899444 36.3628700518153, 127.376778737586 36.3628565695126, 127.376768769064 36.3625209159551, 127.37677495073 36.3620680598619, 127.376775496574 36.3616017039258, 127.376772943274 36.3610700230321, 127.376767950845 36.3606104431751, 127.376764726956 36.3599390832826, 127.377388682213 36.3599438802898, 127.377427774922 36.359964033548, 127.377429357189 36.3602929548206, 127.377428143147 36.3611986322008, 127.377578533829 36.361193652982, 127.378202618575 36.3612232274124, 127.379132838195 36.36119776113, 127.379283533705 36.3612558605331)))","2021-06-30"
"29","10168","둔산2동_1","30","대전광역시","30170","서구","107815","27","MULTIPOLYGON (((127.373447422929 36.3505998334379, 127.374217299437 36.3502662543051, 127.375245260117 36.3497403645978, 127.376264959957 36.3492370211893, 127.376698109884 36.3489630578837, 127.37682439651 36.349163171425, 127.377138609754 36.3496398036877, 127.377234079434 36.3498017139609, 127.377741982463 36.3505931444941, 127.37807598464 36.3511282878188, 127.378123732174 36.3512114954487, 127.378110154197 36.3512836317831, 127.378065842828 36.3513355886871, 127.377643228746 36.3514856129419, 127.377059316878 36.3516857071726, 127.376439293176 36.3519061881962, 127.37506575499 36.3523903636219, 127.374467957881 36.3526017532261, 127.374137195775 36.3527424666004, 127.373716643549 36.352743777652, 127.373657598407 36.3526268096273, 127.373443828999 36.3521859025107, 127.373143071232 36.351607837307, 127.37295163084 36.3511758714484, 127.372942579863 36.3510294595766, 127.372947036683 36.3507951416913, 127.373447422929 36.3505998334379)))","2021-06-30"
"30","10169","둔산2동_2","30","대전광역시","30170","서구","94355","30","MULTIPOLYGON (((127.376752005619 36.3549691804166, 127.376734910765 36.3543091280687, 127.376729589856 36.3532007071642, 127.376722479031 36.3522995605525, 127.37672440982 36.3521215736054, 127.376737989216 36.3520494374302, 127.376804701543 36.3520221927997, 127.377599892462 36.3517403296467, 127.378172684761 36.3515447736842, 127.37827295814 36.3515467104085, 127.37837337272 36.351577934598, 127.378634308118 36.3519758784569, 127.378900751124 36.3523602867795, 127.379066769486 36.3527112180743, 127.379154512007 36.3530015676902, 127.379194505178 36.3532087100842, 127.379217689771 36.3533956293055, 127.379222107882 36.3537335536159, 127.379224483077 36.3548014309437, 127.379228446056 36.3556214817459, 127.37922583504 36.355657536739, 127.379220384368 36.3556823361051, 127.379189921163 36.3557184791584, 127.379153800408 36.3557366167208, 127.379120399548 36.3557412281483, 127.377964544318 36.3557471291594, 127.377388014628 36.3557511975341, 127.37678083661 36.3557531064897, 127.376752735633 36.3557013775753, 127.376752005619 36.3549691804166)))","2021-06-30"
